{
  "model_name": "GradientBoosting",
  "params": {},
  "metrics": {
    "mae": 2.1112756767033445,
    "mse": 7.605105904352884,
    "rmse": 2.7577356480186572,
    "r2": 0.7991222542804026
  },
  "model_size_kb": 136.3984375,
  "avg_inference_latency_ms": 0.8227980000083335
}